{
    "Rank": {
        "Rank": 1.0,
        "Year": 0.17881363977977008,
        "NA_Sales": -0.4013622468888427,
        "EU_Sales": -0.3791234690930664,
        "JP_Sales": -0.26778465235053034,
        "Other_Sales": -0.33298642437113923,
        "Global_Sales": -0.42740660798868463
    },
    "Year": {
        "Rank": 0.17881363977977008,
        "Year": 1.0,
        "NA_Sales": -0.09140216229376913,
        "EU_Sales": 0.006013887383619316,
        "JP_Sales": -0.16931621839103728,
        "Other_Sales": 0.04105766687005685,
        "Global_Sales": -0.07473479761586187
    },
    "NA_Sales": {
        "Rank": -0.4013622468888427,
        "Year": -0.09140216229376913,
        "NA_Sales": 1.0,
        "EU_Sales": 0.7677267483702567,
        "JP_Sales": 0.4497874070704265,
        "Other_Sales": 0.634737271904543,
        "Global_Sales": 0.9410473571255574
    },
    "EU_Sales": {
        "Rank": -0.3791234690930664,
        "Year": 0.006013887383619316,
        "NA_Sales": 0.7677267483702567,
        "EU_Sales": 1.0,
        "JP_Sales": 0.4355844528091778,
        "Other_Sales": 0.7263848893745163,
        "Global_Sales": 0.9028358134817437
    },
    "JP_Sales": {
        "Rank": -0.26778465235053034,
        "Year": -0.16931621839103728,
        "NA_Sales": 0.4497874070704265,
        "EU_Sales": 0.4355844528091778,
        "JP_Sales": 1.0,
        "Other_Sales": 0.29018624960152634,
        "Global_Sales": 0.6118155181565058
    },
    "Other_Sales": {
        "Rank": -0.33298642437113923,
        "Year": 0.04105766687005685,
        "NA_Sales": 0.634737271904543,
        "EU_Sales": 0.7263848893745163,
        "JP_Sales": 0.29018624960152634,
        "Other_Sales": 1.0,
        "Global_Sales": 0.748330846407805
    },
    "Global_Sales": {
        "Rank": -0.42740660798868463,
        "Year": -0.07473479761586187,
        "NA_Sales": 0.9410473571255574,
        "EU_Sales": 0.9028358134817437,
        "JP_Sales": 0.6118155181565058,
        "Other_Sales": 0.748330846407805,
        "Global_Sales": 1.0
    }
}