,Rank,Year,NA_Sales,EU_Sales,JP_Sales,Other_Sales,Global_Sales
Rank,1.0,0.17881363977977008,-0.4013622468888427,-0.3791234690930664,-0.26778465235053034,-0.33298642437113923,-0.42740660798868463
Year,0.17881363977977008,1.0,-0.09140216229376913,0.006013887383619316,-0.16931621839103728,0.04105766687005685,-0.07473479761586187
NA_Sales,-0.4013622468888427,-0.09140216229376913,1.0,0.7677267483702567,0.4497874070704265,0.634737271904543,0.9410473571255574
EU_Sales,-0.3791234690930664,0.006013887383619316,0.7677267483702567,1.0,0.4355844528091778,0.7263848893745163,0.9028358134817437
JP_Sales,-0.26778465235053034,-0.16931621839103728,0.4497874070704265,0.4355844528091778,1.0,0.29018624960152634,0.6118155181565058
Other_Sales,-0.33298642437113923,0.04105766687005685,0.634737271904543,0.7263848893745163,0.29018624960152634,1.0,0.748330846407805
Global_Sales,-0.42740660798868463,-0.07473479761586187,0.9410473571255574,0.9028358134817437,0.6118155181565058,0.748330846407805,1.0
