{
    "Rank": {
        "count": 16598.0,
        "mean": 8300.605253645017,
        "std": 4791.853932896403,
        "min": 1.0,
        "25%": 4151.25,
        "50%": 8300.5,
        "75%": 12449.75,
        "max": 16600.0
    },
    "Year": {
        "count": 16327.0,
        "mean": 2006.4064433147546,
        "std": 5.828981114712805,
        "min": 1980.0,
        "25%": 2003.0,
        "50%": 2007.0,
        "75%": 2010.0,
        "max": 2020.0
    },
    "NA_Sales": {
        "count": 16598.0,
        "mean": 0.26466742981082064,
        "std": 0.8166830292988796,
        "min": 0.0,
        "25%": 0.0,
        "50%": 0.08,
        "75%": 0.24,
        "max": 41.49
    },
    "EU_Sales": {
        "count": 16598.0,
        "mean": 0.14665200626581515,
        "std": 0.5053512312869116,
        "min": 0.0,
        "25%": 0.0,
        "50%": 0.02,
        "75%": 0.11,
        "max": 29.02
    },
    "JP_Sales": {
        "count": 16598.0,
        "mean": 0.077781660441017,
        "std": 0.30929064808220297,
        "min": 0.0,
        "25%": 0.0,
        "50%": 0.0,
        "75%": 0.04,
        "max": 10.22
    },
    "Other_Sales": {
        "count": 16598.0,
        "mean": 0.0480630196409206,
        "std": 0.18858840291271461,
        "min": 0.0,
        "25%": 0.0,
        "50%": 0.01,
        "75%": 0.04,
        "max": 10.57
    },
    "Global_Sales": {
        "count": 16598.0,
        "mean": 0.5374406555006628,
        "std": 1.5550279355699124,
        "min": 0.01,
        "25%": 0.06,
        "50%": 0.17,
        "75%": 0.47,
        "max": 82.74
    }
}